Explained Variance,R-Squared,RMSE,Adjusted R-squared
0.9183246258302566,0.9174545456283143,105473.10963184136,0.9162924791660193
