Explained Variance,R-Squared,RMSE,Adjusted R-squared
0.9045226380082979,0.9044290952036463,113490.11026237914,0.9029470276010713
