Explained Variance,R-Squared,RMSE,Adjusted R-squared
0.9125085673782015,0.9116563791900094,109114.57531539671,0.9104126867337449
