Explained Variance,R-Squared,RMSE,Adjusted R-squared
0.9125097743450883,0.9116578475491078,109113.66851508834,0.9104141757642524
