Explained Variance,R-Squared,RMSE,Adjusted R-squared
0.9110574012382779,0.9101214550852488,110058.39764085696,0.9087276618605369
