Explained Variance,R-Squared,RMSE,Adjusted R-squared
0.9125099413571952,0.9116579999466976,109113.57439995302,0.9104143303072799
