Explained Variance,R-Squared,RMSE,Adjusted R-squared
0.904951737468995,0.9048475029282109,113241.40891729132,0.9035079558084766
