Explained Variance,R-Squared,RMSE,Adjusted R-squared
0.902550911380807,0.9024315160839934,114670.03564056738,0.9010579569486202
