Explained Variance,R-Squared,RMSE,Adjusted R-squared
0.902552699050029,0.9024332299375613,114669.02850944849,0.9010596949296433
