Explained Variance,R-Squared,RMSE,Adjusted R-squared
0.9045212943991482,0.9044278541706298,113490.84712113837,0.9029457673227119
