Explained Variance,R-Squared,RMSE,Adjusted R-squared
0.902552912584579,0.9024334285471711,114668.91179766951,0.901059896335259
