Explained Variance,R-Squared,RMSE,Adjusted R-squared
0.9049529278495738,0.9048486958154702,113240.69908485681,0.9035091654890808
