Explained Variance,R-Squared,RMSE,Adjusted R-squared
0.9165686367813152,0.9157580103129228,106551.47769196339,0.9144516260743544
