Explained Variance,R-Squared,RMSE,Adjusted R-squared
0.9183237635788749,0.9174533815166398,105473.85335568606,0.9162912986660998
