Explained Variance,R-Squared,RMSE,Adjusted R-squared
0.9045273209907212,0.9044337733124722,113487.33260957383,0.9029517782557577
