Explained Variance,R-Squared,RMSE,Adjusted R-squared
0.9048811705546256,0.904751926221576,113298.26777408883,0.9032748649270798
