Explained Variance,R-Squared,RMSE,Adjusted R-squared
0.9165685864657419,0.9157579559332605,106551.51208236927,0.9144515708513985
