Explained Variance,R-Squared,RMSE,Adjusted R-squared
0.9048789194212955,0.9047497887670137,113299.53902573272,0.9032726943259007
