Explained Variance,R-Squared,RMSE,Adjusted R-squared
0.9165675058622492,0.9157566322325317,106552.34920450771,0.9144502266233557
