Explained Variance,R-Squared,RMSE,Adjusted R-squared
0.9183248608789248,0.9174547283785754,105472.99287647821,0.9162926644890199
