Explained Variance,R-Squared,RMSE,Adjusted R-squared
0.904880000694945,0.9047508812981284,113298.88924435685,0.9032738037994622
