Explained Variance,R-Squared,RMSE,Adjusted R-squared
0.9049526909211045,0.9048483770492145,113240.88876845449,0.9035088422352663
