Explained Variance,R-Squared,RMSE,Adjusted R-squared
0.911056889202703,0.9101209577790551,110058.70212201624,0.9087271568423582
