Explained Variance,R-Squared,RMSE,Adjusted R-squared
0.9110569915131932,0.9101210207644134,110058.66355858798,0.908727220804463
