Explained Variance,R-Squared,RMSE,Adjusted R-squared
0.8913477868779305,0.8899408069638272,121789.07479629084,0.8883914049032522
