Explained Variance,R-Squared,RMSE,Adjusted R-squared
0.8834800676663893,0.8832650787213285,125428.30879790282,0.8816216964414786
