Explained Variance,R-Squared,RMSE,Adjusted R-squared
0.8913477953040383,0.8899408068062519,121789.07488347548,0.888234061799018
