Explained Variance,R-Squared,RMSE,Adjusted R-squared
0.9057157889423584,0.9045879814836362,113395.73257362333,0.9031083778130347
