Explained Variance,R-Squared,RMSE,Adjusted R-squared
0.9055440217695958,0.9044972098840101,113449.66008315097,0.9030161985711211
