Explained Variance,R-Squared,RMSE,Adjusted R-squared
0.891906073666447,0.8918008743228807,120755.53457272303,0.8902776581003028
