Explained Variance,R-Squared,RMSE,Adjusted R-squared
0.8901725347784232,0.8900605035968672,121722.82995334412,0.8883556147898637
