Explained Variance,R-Squared,RMSE,Adjusted R-squared
0.8938308536817468,0.8937066154804351,119687.35983089417,0.892210228086917
