Explained Variance,R-Squared,RMSE,Adjusted R-squared
0.9055067885931048,0.9044173358020886,113497.09217142341,0.9029350858403729
