Explained Variance,R-Squared,RMSE,Adjusted R-squared
0.9060075931778062,0.9049594845034552,113174.75441593562,0.9036215138488816
