Explained Variance,R-Squared,RMSE,Adjusted R-squared
0.8872670541162286,0.8871734875659295,123310.69658850312,0.885423828303559
