Explained Variance,R-Squared,RMSE,Adjusted R-squared
0.9057236733024769,0.9046771983492803,113342.70373049738,0.9031989782108998
