Explained Variance,R-Squared,RMSE,Adjusted R-squared
0.8905722341759095,0.8904601955169782,121501.3629974496,0.8887615049399389
