Explained Variance,R-Squared,RMSE,Adjusted R-squared
0.8909905957927782,0.8908765782628127,121270.21761756504,0.8893403498948561
