Explained Variance,R-Squared,RMSE,Adjusted R-squared
0.906338112824971,0.9052243171295953,113016.9623622736,0.9038900747616403
