Explained Variance,R-Squared,RMSE,Adjusted R-squared
0.9062585968444796,0.9051845570091203,113040.66621076426,0.903714204744694
