Explained Variance,R-Squared,RMSE,Adjusted R-squared
0.8916079310924758,0.8914764723650009,120936.42334247421,0.889948689244846
