Explained Variance,R-Squared,RMSE,Adjusted R-squared
0.906832838594958,0.9057667162304975,112693.10156887806,0.9044401097015979
