Explained Variance,R-Squared,RMSE,Adjusted R-squared
0.9060616706752054,0.9049658884388587,113170.94143143072,0.9036280079382326
