Explained Variance,R-Squared,RMSE,Adjusted R-squared
0.9066601136198228,0.9055812436191317,112803.94992511357,0.904252026025783
