Explained Variance,R-Squared,RMSE,Adjusted R-squared
0.8936913990089786,0.8935698768336541,119764.31959512646,0.892071564447455
