Explained Variance,R-Squared,RMSE,Adjusted R-squared
0.8901721983210013,0.8900601589765865,121723.02073156452,0.8883552648253775
