Explained Variance,R-Squared,RMSE,Adjusted R-squared
0.9061264967217204,0.9049863370612908,113158.76520168618,0.9036487444342794
