Explained Variance,R-Squared,RMSE,Adjusted R-squared
0.8905717305937093,0.8904596462419468,121501.66762452842,0.8887609471470146
