Explained Variance,R-Squared,RMSE,Adjusted R-squared
0.9045391687066069,0.9033903748212089,114105.18192325713,0.9018921992427784
