Explained Variance,R-Squared,RMSE,Adjusted R-squared
0.8916103845540818,0.8914789082364464,120935.06609193231,0.8899511594082405
