Explained Variance,R-Squared,RMSE,Adjusted R-squared
0.8876652054091919,0.8875775430112839,123089.69779451692,0.8858341496463273
