Explained Variance,R-Squared,RMSE,Adjusted R-squared
0.9104940591615278,0.9096169418173278,110366.85957261728,0.9082153248436303
