Explained Variance,R-Squared,RMSE,Adjusted R-squared
0.9016796590707037,0.9016287833025917,115140.78621771575,0.9001032898105736
