Explained Variance,R-Squared,RMSE,Adjusted R-squared
0.9103639351149676,0.909444679873606,110471.98413890011,0.9081698513406207
