Explained Variance,R-Squared,RMSE,Adjusted R-squared
0.9023733733656519,0.9023349037123903,114726.7947625308,0.9009599844779331
