Explained Variance,R-Squared,RMSE,Adjusted R-squared
0.9016821515350255,0.9016311912904343,115139.3769675334,0.900105735140333
