Explained Variance,R-Squared,RMSE,Adjusted R-squared
0.9103649045702167,0.9094450508829887,110471.75783422495,0.9081702275730354
