Explained Variance,R-Squared,RMSE,Adjusted R-squared
0.9024175332541471,0.9023790767008482,114700.84691250372,0.9008652183978068
