Explained Variance,R-Squared,RMSE,Adjusted R-squared
0.9104943381459862,0.9096173007275187,110366.64043956982,0.9083449023332557
