Explained Variance,R-Squared,RMSE,Adjusted R-squared
0.9024266363526869,0.9023884831908024,114695.32064661846,0.9010143182427612
