Explained Variance,R-Squared,RMSE,Adjusted R-squared
0.9016676812392422,0.9016164651321557,115147.9950308121,0.9002314317928617
