Explained Variance,R-Squared,RMSE,Adjusted R-squared
0.9103700585342704,0.9094496144130025,110468.97417889073,0.9080454026064373
