Explained Variance,R-Squared,RMSE,Adjusted R-squared
0.9104976511163534,0.9096194431998719,110365.33234145452,0.9082178650164112
